group,tile_id,cl_png,total_pixels,palette_pixels,unknown_pixels,entropy_nats_palette,count_tumor,frac_of_all_tumor,frac_of_palette_tumor,count_stroma,frac_of_all_stroma,frac_of_palette_stroma,count_immune_cells,frac_of_all_immune_cells,frac_of_palette_immune_cells,count_necrosis,frac_of_all_necrosis,frac_of_palette_necrosis,count_other,frac_of_all_other,frac_of_palette_other,count_ignore,frac_of_all_ignore,frac_of_palette_ignore
bg,JN_TS_001_bg_tile_19702_7361,/mnt/c/Apps/QuPath-v0.6.0-Windows/projects/JN_HandE_QuPath/tiles_manual/JN_TS_001/JN_TS_001_tile_19702_7361_cl.png,62742241,62742241,0,1.250781755314866,860123,0.013708834531428356,0.013708834531428356,4344364,0.06924145409469834,0.06924145409469834,706469,0.011259862394778025,0.011259862394778025,12606141,0.20091952086952075,0.20091952086952075,10568625,0.1684451309286195,0.1684451309286195,33656519,0.536425197180955,0.536425197180955
bg,JN_TS_013_bg_tile_6022_13386,/mnt/c/Apps/QuPath-v0.6.0-Windows/projects/JN_HandE_QuPath/tiles_manual/JN_TS_013/JN_TS_013_tile_6022_13386_cl.png,62742241,62742241,0,0.849083508391347,234124,0.0037315211613177797,0.0037315211613177797,4920022,0.07841642124322591,0.07841642124322591,137165,0.0021861667325526355,0.0021861667325526355,2110157,0.03363215859631154,0.03363215859631154,8953005,0.14269501467121648,0.14269501467121648,46387768,0.7393387175953756,0.7393387175953756
bg,JN_TS_013_bg_tile_10309_3904,/mnt/c/Apps/QuPath-v0.6.0-Windows/projects/JN_HandE_QuPath/tiles_manual/JN_TS_013/JN_TS_013_tile_10309_3904_cl.png,62742241,62742241,0,1.5701681587848768,4066463,0.0648122052255035,0.0648122052255035,8832339,0.14077181272501885,0.14077181272501885,2004279,0.031944651132241195,0.031944651132241195,22799233,0.36337932207426255,0.36337932207426255,10694712,0.17045473399651123,0.17045473399651123,14345215,0.22863727484646268,0.22863727484646268
bg,JN_TS_012_bg_tile_4874_6291,/mnt/c/Apps/QuPath-v0.6.0-Windows/projects/JN_HandE_QuPath/tiles_manual/JN_TS_012/JN_TS_012_tile_4874_6291_cl.png,62742241,62742241,0,1.5269039394792738,3571808,0.05692828217595862,0.05692828217595862,12093335,0.1927463030847113,0.1927463030847113,2155955,0.034362097458393304,0.034362097458393304,6614886,0.10542954626054878,0.10542954626054878,13098152,0.2087613032502298,0.2087613032502298,25208105,0.40177246777015824,0.40177246777015824
bg,JN_TS_011_bg_tile_4034_8877,/mnt/c/Apps/QuPath-v0.6.0-Windows/projects/JN_HandE_QuPath/tiles_manual/JN_TS_011/JN_TS_011_tile_4034_8877_cl.png,62742241,62742241,0,1.1470609193703598,841723,0.013415571177956491,0.013415571177956491,10717907,0.17082442114236882,0.17082442114236882,510644,0.008138759340776496,0.008138759340776496,1373211,0.02188654689589427,0.02188654689589427,14434319,0.23005743451210167,0.23005743451210167,34864437,0.5556772669309022,0.5556772669309022
bg,JN_TS_011_bg_tile_22539_15864,/mnt/c/Apps/QuPath-v0.6.0-Windows/projects/JN_HandE_QuPath/tiles_manual/JN_TS_011/JN_TS_011_tile_22539_15864_cl.png,62742241,62742241,0,1.314701292606701,1195900,0.01906052415309807,0.01906052415309807,14597956,0.23266551795623622,0.23266551795623622,870390,0.013872472295020512,0.013872472295020512,2001930,0.03190721223999634,0.03190721223999634,19601994,0.3124210051725758,0.3124210051725758,24474071,0.39007326818307303,0.39007326818307303
bg,JN_TS_010_bg_tile_2931_6096,/mnt/c/Apps/QuPath-v0.6.0-Windows/projects/JN_HandE_QuPath/tiles_manual/JN_TS_010/JN_TS_010_tile_2931_6096_cl.png,62742241,62742241,0,1.223348125420149,1309300,0.020867918951125764,0.020867918951125764,8776984,0.13988955223961477,0.13988955223961477,1520907,0.02424055908363235,0.02424055908363235,2192415,0.0349432051685881,0.0349432051685881,13958976,0.22248131047789638,0.22248131047789638,34983659,0.5575774540791426,0.5575774540791426
bg,JN_TS_010_bg_tile_3215_9086,/mnt/c/Apps/QuPath-v0.6.0-Windows/projects/JN_HandE_QuPath/tiles_manual/JN_TS_010/JN_TS_010_tile_3215_9086_cl.png,62742241,62742241,0,1.2048665388349291,1148164,0.018299697009547363,0.018299697009547363,8919199,0.14215620701211484,0.14215620701211484,1382334,0.022031951329248824,0.022031951329248824,1748153,0.027862457128364288,0.027862457128364288,14986642,0.23886048316316913,0.23886048316316913,34557749,0.5507892043575555,0.5507892043575555
bg,JN_TS_006_bg_tile_3175_8574,/mnt/c/Apps/QuPath-v0.6.0-Windows/projects/JN_HandE_QuPath/tiles_manual/JN_TS_006/JN_TS_006_tile_3175_8574_cl.png,62742241,62742241,0,1.1084576190497017,1011757,0.01612561145209971,0.01612561145209971,10332963,0.16468909677612567,0.16468909677612567,867419,0.013825119826370243,0.013825119826370243,1594439,0.025412528698170025,0.025412528698170025,10165176,0.16201486969520262,0.16201486969520262,38770487,0.6179327735520317,0.6179327735520317
bg,JN_TS_006_bg_tile_9641_4431,/mnt/c/Apps/QuPath-v0.6.0-Windows/projects/JN_HandE_QuPath/tiles_manual/JN_TS_006/JN_TS_006_tile_9641_4431_cl.png,62742241,62742241,0,1.1983960341556392,1615897,0.02575453114593086,0.02575453114593086,5860545,0.09340668912352047,0.09340668912352047,1313076,0.020928101691490425,0.020928101691490425,5016094,0.07994763846576662,0.07994763846576662,10521615,0.16769587493695037,0.16769587493695037,38415014,0.6122671646363412,0.6122671646363412
bg,JN_TS_005_bg_tile_22229_14087,/mnt/c/Apps/QuPath-v0.6.0-Windows/projects/JN_HandE_QuPath/tiles_manual/JN_TS_005/JN_TS_005_tile_22229_14087_cl.png,62742241,62742241,0,1.4216808721954413,1131965,0.018041513690911996,0.018041513690911996,9452887,0.1506622468266634,0.1506622468266634,55966,0.0008919987413264375,0.0008919987413264375,15858251,0.25275238415535717,0.25275238415535717,20978199,0.3343552711163122,0.3343552711163122,15264973,0.2432965854694288,0.2432965854694288
bg,JN_TS_004_bg_tile_26418_6375,/mnt/c/Apps/QuPath-v0.6.0-Windows/projects/JN_HandE_QuPath/tiles_manual/JN_TS_004/JN_TS_004_tile_26418_6375_cl.png,62742241,62742241,0,1.343797258603316,731199,0.011654014717134505,0.011654014717134505,6499747,0.10359443488797285,0.10359443488797285,371468,0.005920540836276473,0.005920540836276473,9956258,0.15868508745168985,0.15868508745168985,23804264,0.37939773302008767,0.37939773302008767,21379305,0.3407481890868386,0.3407481890868386
bg,JN_TS_003_bg_tile_25058_13037,/mnt/c/Apps/QuPath-v0.6.0-Windows/projects/JN_HandE_QuPath/tiles_manual/JN_TS_003/JN_TS_003_tile_25058_13037_cl.png,62742241,62742241,0,1.2824109594856883,792845,0.01263654258061965,0.01263654258061965,6734966,0.10734340840646735,0.10734340840646735,509835,0.008125865316159173,0.008125865316159173,8448976,0.13466168669365827,0.13466168669365827,14133595,0.22526442751702158,0.22526442751702158,32122024,0.511968069486074,0.511968069486074
bg,JN_TS_003_bg_tile_24445_5502,/mnt/c/Apps/QuPath-v0.6.0-Windows/projects/JN_HandE_QuPath/tiles_manual/JN_TS_003/JN_TS_003_tile_24445_5502_cl.png,62742241,62742241,0,0.7191648331675731,308841,0.004922377573348073,0.004922377573348073,1960551,0.031247704397425014,0.031247704397425014,324893,0.005178217972800812,0.005178217972800812,2730230,0.04351502204073329,0.04351502204073329,7020172,0.11188908601463565,0.11188908601463565,50397554,0.8032475920010571,0.8032475920010571
bg,JN_TS_002_bg_tile_20363_2323,/mnt/c/Apps/QuPath-v0.6.0-Windows/projects/JN_HandE_QuPath/tiles_manual/JN_TS_002/JN_TS_002_tile_20363_2323_cl.png,62742241,62742241,0,1.405409395154897,1502277,0.023943629938242086,0.023943629938242086,6410969,0.10217947108392256,0.10217947108392256,1149900,0.018327365769418406,0.018327365769418406,16227348,0.25863513545842265,0.25863513545842265,10353399,0.16501481035718824,0.16501481035718824,27098348,0.4318995873928061,0.4318995873928061
bg,JN_TS_002_bg_tile_22849_5404,/mnt/c/Apps/QuPath-v0.6.0-Windows/projects/JN_HandE_QuPath/tiles_manual/JN_TS_002/JN_TS_002_tile_22849_5404_cl.png,62742241,62742241,0,1.1801620774203219,1142726,0.018213024938015843,0.018213024938015843,3963168,0.06316586619849934,0.06316586619849934,1464251,0.023337562966550717,0.023337562966550717,7887190,0.1257078146124873,0.1257078146124873,9553155,0.15226034084437629,0.15226034084437629,38731751,0.6173153904400706,0.6173153904400706
bg,JN_TS_001_bg_tile_12883_7423,/mnt/c/Apps/QuPath-v0.6.0-Windows/projects/JN_HandE_QuPath/tiles_manual/JN_TS_001/JN_TS_001_tile_12883_7423_cl.png,62742241,62742241,0,1.2101137319327533,921351,0.014684700216557454,0.014684700216557454,4555249,0.0726025868282263,0.0726025868282263,658350,0.0104929309107719,0.0104929309107719,8291992,0.13215964026531982,0.13215964026531982,12558537,0.2001607975717667,0.2001607975717667,35756762,0.5698993442073579,0.5698993442073579
margin,JN_TS_005_margin_tile_16098_16851,/mnt/c/Apps/QuPath-v0.6.0-Windows/projects/JN_HandE_QuPath/tiles_manual/JN_TS_005/JN_TS_005_tile_16098_16851_cl.png,62742241,62742241,0,1.2131308852657399,979972,0.015619014947202794,0.015619014947202794,3858152,0.06149209748501014,0.06149209748501014,168734,0.0026893205806914036,0.0026893205806914036,30023090,0.47851478559715455,0.47851478559715455,20854655,0.33238619895645743,0.33238619895645743,6857638,0.10929858243348368,0.10929858243348368
margin,JN_TS_004_margin_tile_22047_11885,/mnt/c/Apps/QuPath-v0.6.0-Windows/projects/JN_HandE_QuPath/tiles_manual/JN_TS_004/JN_TS_004_tile_22047_11885_cl.png,62742241,62742241,0,1.4813640066296225,1441196,0.022970107172295615,0.022970107172295615,14751271,0.23510908703436334,0.23510908703436334,378162,0.0060272313193275966,0.0060272313193275966,13488803,0.2149875870707264,0.2149875870707264,19154593,0.30529022704177877,0.30529022704177877,13528216,0.21561576036150829,0.21561576036150829
margin,JN_TS_004_margin_tile_20770_5746,/mnt/c/Apps/QuPath-v0.6.0-Windows/projects/JN_HandE_QuPath/tiles_manual/JN_TS_004/JN_TS_004_tile_20770_5746_cl.png,62742241,62742241,0,1.3984784505890437,1866136,0.029742896814922502,0.029742896814922502,9130655,0.14552644047253588,0.14552644047253588,307620,0.004902916999729098,0.004902916999729098,17692698,0.281990214535053,0.281990214535053,25622179,0.4083720726519794,0.4083720726519794,8122953,0.1294654585257801,0.1294654585257801
margin,JN_TS_003_margin_tile_21405_5778,/mnt/c/Apps/QuPath-v0.6.0-Windows/projects/JN_HandE_QuPath/tiles_manual/JN_TS_003/JN_TS_003_tile_21405_5778_cl.png,62742241,62742241,0,1.5946326032511422,4562108,0.07271190711852323,0.07271190711852323,9335366,0.14878917060039343,0.14878917060039343,1670558,0.026625730502676817,0.026625730502676817,15761440,0.2512093885840004,0.2512093885840004,11705593,0.18656638356286956,0.18656638356286956,19707176,0.3140974196315366,0.3140974196315366
margin,JN_TS_003_margin_tile_21741_9476,/mnt/c/Apps/QuPath-v0.6.0-Windows/projects/JN_HandE_QuPath/tiles_manual/JN_TS_003/JN_TS_003_tile_21741_9476_cl.png,62742241,62742241,0,1.5387546830425345,4741605,0.07557277082276995,0.07557277082276995,7987046,0.12729934208119853,0.12729934208119853,1052962,0.016782346043393636,0.016782346043393636,17322330,0.27608720574708195,0.27608720574708195,9793604,0.15609267128345,0.15609267128345,21844694,0.3481656640221059,0.3481656640221059
margin,JN_TS_002_margin_tile_14969_1849,/mnt/c/Apps/QuPath-v0.6.0-Windows/projects/JN_HandE_QuPath/tiles_manual/JN_TS_002/JN_TS_002_tile_14969_1849_cl.png,62742241,62742241,0,1.504820928428534,6911971,0.1101645540521895,0.1101645540521895,7142368,0.11383667344620349,0.11383667344620349,2606183,0.041537932953335216,0.041537932953335216,29663587,0.47278494563176343,0.47278494563176343,9649201,0.15379114367304794,0.15379114367304794,6768931,0.10788475024346038,0.10788475024346038
margin,JN_TS_002_margin_tile_14477_11069,/mnt/c/Apps/QuPath-v0.6.0-Windows/projects/JN_HandE_QuPath/tiles_manual/JN_TS_002/JN_TS_002_tile_14477_11069_cl.png,62742241,62742241,0,1.2348423499687977,7712170,0.1229183063448435,0.1229183063448435,5278698,0.08413308029593651,0.08413308029593651,1307441,0.020838289789489668,0.020838289789489668,38720826,0.6171412653239466,0.6171412653239466,6202859,0.09886256692680136,0.09886256692680136,3520247,0.05610649131898238,0.05610649131898238
margin,JN_TS_001_margin_tile_8969_10184,/mnt/c/Apps/QuPath-v0.6.0-Windows/projects/JN_HandE_QuPath/tiles_manual/JN_TS_001/JN_TS_001_tile_8969_10184_cl.png,62742241,62742241,0,1.3812537849993696,3023194,0.04818434840413176,0.04818434840413176,6091688,0.09709069843393066,0.09709069843393066,1372395,0.021873541303696818,0.021873541303696818,10595866,0.16887930413578947,0.16887930413578947,9313151,0.14843510291575335,0.14843510291575335,32345947,0.515537004806698,0.515537004806698
margin,JN_TS_001_margin_tile_6847_16838,/mnt/c/Apps/QuPath-v0.6.0-Windows/projects/JN_HandE_QuPath/tiles_manual/JN_TS_001/JN_TS_001_tile_6847_16838_cl.png,62742241,62742241,0,1.5352593649590756,3441628,0.054853443950145166,0.054853443950145166,9266100,0.14768519345682918,0.14768519345682918,1374838,0.0219124783891605,0.0219124783891605,10286899,0.16395491834599915,0.16395491834599915,15513772,0.24726200009336613,0.24726200009336613,22859004,0.3643319657644999,0.3643319657644999
margin,JN_TS_013_margin_tile_14853_8902,/mnt/c/Apps/QuPath-v0.6.0-Windows/projects/JN_HandE_QuPath/tiles_manual/JN_TS_013/JN_TS_013_tile_14853_8902_cl.png,62742241,62742241,0,1.4968195615272255,9859654,0.1571453910930596,0.1571453910930596,9028796,0.14390298873768312,0.14390298873768312,2935736,0.046790423058047925,0.046790423058047925,29140491,0.46444772350417,0.46444772350417,8324883,0.1326838644478765,0.1326838644478765,3452681,0.0550296091591628,0.0550296091591628
margin,JN_TS_013_margin_tile_12979_13919,/mnt/c/Apps/QuPath-v0.6.0-Windows/projects/JN_HandE_QuPath/tiles_manual/JN_TS_013/JN_TS_013_tile_12979_13919_cl.png,62742241,62742241,0,1.5565138819721345,9470783,0.15094747731436625,0.15094747731436625,9524287,0.1518002361439401,0.1518002361439401,2378909,0.03791558863828278,0.03791558863828278,26843659,0.4278402966193063,0.4278402966193063,8107490,0.12921900574128362,0.12921900574128362,6417113,0.10227739554282099,0.10227739554282099
margin,JN_TS_012_margin_tile_11018_3851,/mnt/c/Apps/QuPath-v0.6.0-Windows/projects/JN_HandE_QuPath/tiles_manual/JN_TS_012/JN_TS_012_tile_11018_3851_cl.png,62742241,62742241,0,1.6505030519930948,13744004,0.21905503821580105,0.21905503821580105,6531917,0.10410716760977665,0.10410716760977665,2610231,0.04160245089109903,0.04160245089109903,15205780,0.24235315407366467,0.24235315407366467,7360498,0.117313278625161,0.117313278625161,17289811,0.2755689105844976,0.2755689105844976
margin,JN_TS_012_margin_tile_19915_13138,/mnt/c/Apps/QuPath-v0.6.0-Windows/projects/JN_HandE_QuPath/tiles_manual/JN_TS_012/JN_TS_012_tile_19915_13138_cl.png,62742241,62742241,0,1.6595662465715282,9790632,0.156045302876574,0.156045302876574,8599609,0.1370625094503717,0.1370625094503717,2354780,0.03753101518959133,0.03753101518959133,20080529,0.3200480040233182,0.3200480040233182,10783413,0.17186847055718013,0.17186847055718013,11133278,0.1774446979029646,0.1774446979029646
margin,JN_TS_011_margin_tile_8996_10421,/mnt/c/Apps/QuPath-v0.6.0-Windows/projects/JN_HandE_QuPath/tiles_manual/JN_TS_011/JN_TS_011_tile_8996_10421_cl.png,62742241,62742241,0,1.5067822625853386,4699778,0.07490612265507061,0.07490612265507061,18640413,0.2970951101348133,0.2970951101348133,2926811,0.046648174393388336,0.046648174393388336,2508313,0.03997805880092807,0.03997805880092807,22309480,0.35557352820725674,0.35557352820725674,11657446,0.18579900580854292,0.18579900580854292
margin,JN_TS_010_margin_tile_9700_11208,/mnt/c/Apps/QuPath-v0.6.0-Windows/projects/JN_HandE_QuPath/tiles_manual/JN_TS_010/JN_TS_010_tile_9700_11208_cl.png,62742241,62742241,0,1.661758149538449,8030042,0.12798462203477878,0.12798462203477878,13947890,0.2223046193074296,0.2223046193074296,2464679,0.03928261025933071,0.03928261025933071,15075042,0.24026942231789267,0.24026942231789267,16213148,0.2584088126530259,0.2584088126530259,7011440,0.11174991342754238,0.11174991342754238
margin,JN_TS_011_margin_tile_11899_13199,/mnt/c/Apps/QuPath-v0.6.0-Windows/projects/JN_HandE_QuPath/tiles_manual/JN_TS_011/JN_TS_011_tile_11899_13199_cl.png,62742241,62742241,0,1.4623899723092215,3816347,0.060825799958276916,0.060825799958276916,17156410,0.27344273533360086,0.27344273533360086,2226012,0.0354786817385117,0.0354786817385117,2341462,0.037318749899290335,0.037318749899290335,23915486,0.38117041436247073,0.38117041436247073,13286524,0.21176361870784946,0.21176361870784946
margin,JN_TS_010_margin_tile_14615_11100,/mnt/c/Apps/QuPath-v0.6.0-Windows/projects/JN_HandE_QuPath/tiles_manual/JN_TS_010/JN_TS_010_tile_14615_11100_cl.png,62742241,62742241,0,1.6327627276153611,6893789,0.10987476523192724,0.10987476523192724,12755369,0.2032979504190805,0.2032979504190805,3038452,0.048427533852353155,0.048427533852353155,15296485,0.24379883083870083,0.24379883083870083,19278070,0.3072582313405095,0.3072582313405095,5480076,0.08734268831742877,0.08734268831742877
margin,JN_TS_009_margin_tile_2687_7393,/mnt/c/Apps/QuPath-v0.6.0-Windows/projects/JN_HandE_QuPath/tiles_manual/JN_TS_009/JN_TS_009_tile_2687_7393_cl.png,62742241,62742241,0,1.3697168799450608,1918998,0.030585423303576293,0.030585423303576293,13317107,0.2122510574654163,0.2122510574654163,742397,0.011832490968883308,0.011832490968883308,3472721,0.055349011202835426,0.055349011202835426,25820755,0.4115370217649701,0.4115370217649701,17470263,0.27844499529431854,0.27844499529431854
margin,JN_TS_008_margin_tile_4433_3944,/mnt/c/Apps/QuPath-v0.6.0-Windows/projects/JN_HandE_QuPath/tiles_manual/JN_TS_008/JN_TS_008_tile_4433_3944_cl.png,62742241,62742241,0,1.4856173939170534,3443217,0.05487876979083358,0.05487876979083358,14011769,0.22332273722897467,0.22332273722897467,2449965,0.03904809520590761,0.03904809520590761,3279669,0.05227210484878919,0.05227210484878919,15178915,0.24192497363937002,0.24192497363937002,24378706,0.38855331928612497,0.38855331928612497
margin,JN_TS_008_margin_tile_17284_14465,/mnt/c/Apps/QuPath-v0.6.0-Windows/projects/JN_HandE_QuPath/tiles_manual/JN_TS_008/JN_TS_008_tile_17284_14465_cl.png,62742241,62742241,0,1.4880984517812599,5267400,0.0839530102216145,0.0839530102216145,8144003,0.12980095817744222,0.12980095817744222,3495818,0.055717136402571275,0.055717136402571275,4398470,0.07010380773616294,0.07010380773616294,11755779,0.18736625935946408,0.18736625935946408,29680771,0.473058828102745,0.473058828102745
margin,JN_TS_007_margin_tile_16162_8015,/mnt/c/Apps/QuPath-v0.6.0-Windows/projects/JN_HandE_QuPath/tiles_manual/JN_TS_007/JN_TS_007_tile_16162_8015_cl.png,62742241,62742241,0,1.5840960811151983,6573371,0.10476787081927788,0.10476787081927788,17378324,0.2769796507587289,0.2769796507587289,5355189,0.08535221112041567,0.08535221112041567,1525690,0.0243167916173093,0.0243167916173093,13797161,0.21990226648104583,0.21990226648104583,18112506,0.28868120920322243,0.28868120920322243
margin,JN_TS_006_margin_tile_3563_12780,/mnt/c/Apps/QuPath-v0.6.0-Windows/projects/JN_HandE_QuPath/tiles_manual/JN_TS_006/JN_TS_006_tile_3563_12780_cl.png,62742241,62742241,0,1.4214173624850468,5693104,0.09073797666870076,0.09073797666870076,10275224,0.1637688395605761,0.1637688395605761,4143056,0.06603296174900734,0.06603296174900734,24057964,0.38344126088833835,0.38344126088833835,18572893,0.29601896113337745,0.29601896113337745,0,0.0,0.0
margin,JN_TS_006_margin_tile_9129_7057,/mnt/c/Apps/QuPath-v0.6.0-Windows/projects/JN_HandE_QuPath/tiles_manual/JN_TS_006/JN_TS_006_tile_9129_7057_cl.png,62742241,62742241,0,1.295848369364426,4759872,0.07586391439221943,0.07586391439221943,8854276,0.1411214495829054,0.1411214495829054,2269116,0.03616568302047101,0.03616568302047101,30223784,0.481713491872246,0.481713491872246,16635193,0.26513546113215813,0.26513546113215813,0,0.0,0.0
margin,JN_TS_005_margin_tile_6848_15741,/mnt/c/Apps/QuPath-v0.6.0-Windows/projects/JN_HandE_QuPath/tiles_manual/JN_TS_005/JN_TS_005_tile_6848_15741_cl.png,62742241,62742241,0,1.224857192933873,1301444,0.020742708249773863,0.020742708249773863,4754901,0.07578468547210483,0.07578468547210483,222798,0.0035510048166752604,0.0035510048166752604,25270135,0.4027611159123245,0.4027611159123245,26328619,0.4196314728382112,0.4196314728382112,4864344,0.07752901271091034,0.07752901271091034
tumour_inv,JN_TS_012_tumour_inv_tile_10912_14661,/mnt/c/Apps/QuPath-v0.6.0-Windows/projects/JN_HandE_QuPath/tiles_manual/JN_TS_012/JN_TS_012_tile_10912_14661_cl.png,62742241,62742241,0,1.2928331071061352,20015864,0.3190173586563476,0.3190173586563476,5963211,0.09504300300653909,0.09504300300653909,1024626,0.016330720479046962,0.016330720479046962,29902146,0.4765871528242034,0.4765871528242034,3369783,0.053708362122417655,0.053708362122417655,2466611,0.03931340291144526,0.03931340291144526
tumour_inv,JN_TS_012_tumour_inv_tile_12422_7452,/mnt/c/Apps/QuPath-v0.6.0-Windows/projects/JN_HandE_QuPath/tiles_manual/JN_TS_012/JN_TS_012_tile_12422_7452_cl.png,62742241,62742241,0,1.1802258932691116,22638347,0.36081508468911716,0.36081508468911716,4718733,0.07520823172382382,0.07520823172382382,2058632,0.03281094151546165,0.03281094151546165,30442164,0.48519408160763655,0.48519408160763655,2643032,0.042125240633339826,0.042125240633339826,241333,0.003846419830620969,0.003846419830620969
tumour_inv,JN_TS_012_tumour_inv_tile_12561_12024,/mnt/c/Apps/QuPath-v0.6.0-Windows/projects/JN_HandE_QuPath/tiles_manual/JN_TS_012/JN_TS_012_tile_12561_12024_cl.png,62742241,62742241,0,1.425880951360868,28608577,0.45596995810207036,0.45596995810207036,7500474,0.11954424771024676,0.11954424771024676,2649383,0.042226464304964816,0.042226464304964816,16038178,0.2556201012966687,0.2556201012966687,6034263,0.09617544582126099,0.09617544582126099,1911366,0.030463782764788398,0.030463782764788398
tumour_inv,JN_TS_011_tumour_inv_tile_12975_8638,/mnt/c/Apps/QuPath-v0.6.0-Windows/projects/JN_HandE_QuPath/tiles_manual/JN_TS_011/JN_TS_011_tile_12975_8638_cl.png,62742241,62742241,0,1.478102774284665,5076311,0.08090739060468051,0.08090739060468051,24677512,0.39331575676425073,0.39331575676425073,3218975,0.05130475017620107,0.05130475017620107,3359918,0.05355113152556983,0.05355113152556983,19942768,0.3178523381082292,0.3178523381082292,6466757,0.10306863282106866,0.10306863282106866
tumour_inv,JN_TS_011_tumour_inv_tile_14964_6017,/mnt/c/Apps/QuPath-v0.6.0-Windows/projects/JN_HandE_QuPath/tiles_manual/JN_TS_011/JN_TS_011_tile_14964_6017_cl.png,62742241,62742241,0,1.6104725743278603,11233565,0.1790430947469664,0.1790430947469664,17768039,0.2831910163999402,0.2831910163999402,6944457,0.11068232325332467,0.11068232325332467,3804052,0.060629839472899925,0.060629839472899925,19212074,0.30620637219508945,0.30620637219508945,3780054,0.060247353931779386,0.060247353931779386
tumour_inv,JN_TS_011_tumour_inv_tile_10063_5647,/mnt/c/Apps/QuPath-v0.6.0-Windows/projects/JN_HandE_QuPath/tiles_manual/JN_TS_011/JN_TS_011_tile_10063_5647_cl.png,62742241,62742241,0,1.5646686303367823,6907136,0.11008749273077448,0.11008749273077448,21390197,0.3409217882415134,0.3409217882415134,3254801,0.05187575305128167,0.05187575305128167,3287175,0.052391737171134836,0.052391737171134836,18276128,0.291289053573971,0.291289053573971,9626804,0.15343417523132463,0.15343417523132463
tumour_inv,JN_TS_011_tumour_inv_tile_11860_2956,/mnt/c/Apps/QuPath-v0.6.0-Windows/projects/JN_HandE_QuPath/tiles_manual/JN_TS_011/JN_TS_011_tile_11860_2956_cl.png,62742241,62742241,0,1.5372178785677493,9102769,0.1450819871097687,0.1450819871097687,18155877,0.2893724659914522,0.2893724659914522,4735419,0.07547417695839076,0.07547417695839076,1422209,0.022667488080318966,0.022667488080318966,22044389,0.35134844800969095,0.35134844800969095,7281578,0.1160554338503784,0.1160554338503784
tumour_inv,JN_TS_010_tumour_inv_tile_11151_13664,/mnt/c/Apps/QuPath-v0.6.0-Windows/projects/JN_HandE_QuPath/tiles_manual/JN_TS_010/JN_TS_010_tile_11151_13664_cl.png,62742241,62742241,0,1.598420110026644,11417876,0.18198068506988777,0.18198068506988777,20163211,0.3213658084033052,0.3213658084033052,4046990,0.06450184015582101,0.06450184015582101,9269117,0.14773327908386313,0.14773327908386313,15631722,0.24914191381847517,0.24914191381847517,2213325,0.0352764734686477,0.0352764734686477
tumour_inv,JN_TS_009_tumour_inv_tile_10116_4876,/mnt/c/Apps/QuPath-v0.6.0-Windows/projects/JN_HandE_QuPath/tiles_manual/JN_TS_009/JN_TS_009_tile_10116_4876_cl.png,62742241,62742241,0,1.6230738961463387,9431294,0.15031809271842872,0.15031809271842872,21455164,0.34195724695265506,0.34195724695265506,3048654,0.04859013563127272,0.04859013563127272,6270553,0.09994148917951465,0.09994148917951465,15223720,0.24263908584329974,0.24263908584329974,7312856,0.11655394967482911,0.11655394967482911
tumour_inv,JN_TS_009_tumour_inv_tile_13939_13227,/mnt/c/Apps/QuPath-v0.6.0-Windows/projects/JN_HandE_QuPath/tiles_manual/JN_TS_009/JN_TS_009_tile_13939_13227_cl.png,62742241,62742241,0,1.4470132249068535,3854689,0.061436903409299644,0.061436903409299644,25232340,0.4021587306707773,0.4021587306707773,1957330,0.031196367372341705,0.031196367372341705,2495522,0.03977419295558793,0.03977419295558793,16882878,0.26908312057262984,0.26908312057262984,12319482,0.1963506850193636,0.1963506850193636
tumour_inv,JN_TS_009_tumour_inv_tile_15794_3470,/mnt/c/Apps/QuPath-v0.6.0-Windows/projects/JN_HandE_QuPath/tiles_manual/JN_TS_009/JN_TS_009_tile_15794_3470_cl.png,62742241,62742241,0,1.6715778182271341,9012827,0.14364847121096616,0.14364847121096616,19554025,0.31165646442242956,0.31165646442242956,5331314,0.0849716859810602,0.0849716859810602,4535243,0.07228372668422857,0.07228372668422857,14255073,0.22720057130251373,0.22720057130251373,10053759,0.16023908039880183,0.16023908039880183
tumour_inv,JN_TS_009_tumour_inv_tile_16638_17084,/mnt/c/Apps/QuPath-v0.6.0-Windows/projects/JN_HandE_QuPath/tiles_manual/JN_TS_009/JN_TS_009_tile_16638_17084_cl.png,62742241,62742241,0,1.4318466288717764,5320973,0.08480686878876385,0.08480686878876385,26483429,0.4220988695638079,0.4220988695638079,2335604,0.0372253837729513,0.0372253837729513,1691543,0.026960194169666333,0.026960194169666333,17704893,0.2821845811978568,0.2821845811978568,9205799,0.1467241025069538,0.1467241025069538
tumour_inv,JN_TS_008_tumour_inv_tile_8556_3508,/mnt/c/Apps/QuPath-v0.6.0-Windows/projects/JN_HandE_QuPath/tiles_manual/JN_TS_008/JN_TS_008_tile_8556_3508_cl.png,62742241,62742241,0,1.613988295600102,7595188,0.12105382082224318,0.12105382082224318,20686665,0.32970873641571075,0.32970873641571075,7189685,0.11459082247317243,0.11459082247317243,3221373,0.05134297004150681,0.05134297004150681,17509671,0.27907308889397175,0.27907308889397175,6539659,0.10423056135339508,0.10423056135339508
tumour_inv,JN_TS_008_tumour_inv_tile_12324_13069,/mnt/c/Apps/QuPath-v0.6.0-Windows/projects/JN_HandE_QuPath/tiles_manual/JN_TS_008/JN_TS_008_tile_12324_13069_cl.png,62742241,62742241,0,1.585004595945721,6668682,0.10628695905203642,0.10628695905203642,22324683,0.35581583705306286,0.35581583705306286,4077376,0.06498613908291863,0.06498613908291863,3272154,0.052152329082411956,0.052152329082411956,15845004,0.25254125047908316,0.25254125047908316,10554342,0.168217485250487,0.168217485250487
tumour_inv,JN_TS_008_tumour_inv_tile_16883_9274,/mnt/c/Apps/QuPath-v0.6.0-Windows/projects/JN_HandE_QuPath/tiles_manual/JN_TS_008/JN_TS_008_tile_16883_9274_cl.png,62742241,62742241,0,1.3837673507313042,4403855,0.07018963508173066,0.07018963508173066,29671392,0.47290934348360303,0.47290934348360303,2010835,0.03204914214014128,0.03204914214014128,3754103,0.05983374103580393,0.05983374103580393,17650943,0.2813247139196064,0.2813247139196064,5251113,0.0836934243391147,0.0836934243391147
tumour_inv,JN_TS_008_tumour_inv_tile_11465_1362,/mnt/c/Apps/QuPath-v0.6.0-Windows/projects/JN_HandE_QuPath/tiles_manual/JN_TS_008/JN_TS_008_tile_11465_1362_cl.png,62742241,62742241,0,1.5730037581225795,7297986,0.1163169482581918,0.1163169482581918,15816993,0.25209480483809943,0.25209480483809943,3110120,0.04956979461412607,0.04956979461412607,19873139,0.31674257538872413,0.31674257538872413,14213531,0.22653846552914805,0.22653846552914805,2430472,0.03873741137171049,0.03873741137171049
tumour_inv,JN_TS_007_tumour_inv_tile_5132_8984,/mnt/c/Apps/QuPath-v0.6.0-Windows/projects/JN_HandE_QuPath/tiles_manual/JN_TS_007/JN_TS_007_tile_5132_8984_cl.png,62742241,62742241,0,1.398952403012979,3963766,0.06317539725748718,0.06317539725748718,19328077,0.308055254194698,0.308055254194698,1706053,0.027191457825040073,0.027191457825040073,1089934,0.0173716141251633,0.0173716141251633,23716430,0.37799781490112855,0.37799781490112855,12937981,0.2062084616964829,0.2062084616964829
tumour_inv,JN_TS_007_tumour_inv_tile_14235_10857,/mnt/c/Apps/QuPath-v0.6.0-Windows/projects/JN_HandE_QuPath/tiles_manual/JN_TS_007/JN_TS_007_tile_14235_10857_cl.png,62742241,62742241,0,1.4999245457531818,6427819,0.10244803018750956,0.10244803018750956,23541820,0.37521484130603494,0.37521484130603494,4749409,0.07569715273638378,0.07569715273638378,882253,0.014061547466881204,0.014061547466881204,17560337,0.2798806150389177,0.2798806150389177,9580603,0.15269781326427279,0.15269781326427279
tumour_inv,JN_TS_006_tumour_inv_tile_6932_15344,/mnt/c/Apps/QuPath-v0.6.0-Windows/projects/JN_HandE_QuPath/tiles_manual/JN_TS_006/JN_TS_006_tile_6932_15344_cl.png,62742241,62742241,0,1.6817488910151568,10140055,0.16161448552658486,0.16161448552658486,14667086,0.23376732750110088,0.23376732750110088,5684671,0.0906035696111014,0.0906035696111014,9683762,0.15434198469257737,0.15434198469257737,18330515,0.29215588585686636,0.29215588585686636,4236152,0.06751674681176913,0.06751674681176913
tumour_inv,JN_TS_006_tumour_inv_tile_7455_9286,/mnt/c/Apps/QuPath-v0.6.0-Windows/projects/JN_HandE_QuPath/tiles_manual/JN_TS_006/JN_TS_006_tile_7455_9286_cl.png,62742241,62742241,0,1.507526100037834,14765612,0.23533765712958835,0.23533765712958835,13622656,0.21712096639965411,0.21712096639965411,3598000,0.05734573618433553,0.05734573618433553,19491029,0.31065241995420595,0.31065241995420595,11264944,0.17954322033221606,0.17954322033221606,0,0.0,0.0
tumour_inv,JN_TS_006_tumour_inv_tile_8794_11849,/mnt/c/Apps/QuPath-v0.6.0-Windows/projects/JN_HandE_QuPath/tiles_manual/JN_TS_006/JN_TS_006_tile_8794_11849_cl.png,62742241,62742241,0,1.6273374385341102,13319278,0.21228565935348084,0.21228565935348084,12780520,0.2036988127344702,0.2036988127344702,3390098,0.05403214717816662,0.05403214717816662,18503238,0.29490878402000337,0.29490878402000337,11868514,0.18916305523737986,0.18916305523737986,2880593,0.04591154147649906,0.04591154147649906
tumour_inv,JN_TS_006_tumour_inv_tile_11086_10091,/mnt/c/Apps/QuPath-v0.6.0-Windows/projects/JN_HandE_QuPath/tiles_manual/JN_TS_006/JN_TS_006_tile_11086_10091_cl.png,62742241,62742241,0,1.598712491396256,14772112,0.23544125559684742,0.23544125559684742,8754344,0.13952871080903853,0.13952871080903853,4084568,0.06510076680238437,0.06510076680238437,22905131,0.36506714830284753,0.36506714830284753,8561273,0.13645150162870337,0.13645150162870337,3664813,0.058410616860178774,0.058410616860178774
tumour_inv,JN_TS_005_tumour_inv_tile_8818_12453,/mnt/c/Apps/QuPath-v0.6.0-Windows/projects/JN_HandE_QuPath/tiles_manual/JN_TS_005/JN_TS_005_tile_8818_12453_cl.png,62742241,62742241,0,0.9180965255935305,738792,0.011775033665118848,0.011775033665118848,5136187,0.08186170780861972,0.08186170780861972,43930,0.00070016625641408,0.00070016625641408,40470426,0.6450267850649454,0.6450267850649454,16073286,0.2561796605256736,0.2561796605256736,279620,0.004456646679228432,0.004456646679228432
tumour_inv,JN_TS_005_tumour_inv_tile_13587_10688,/mnt/c/Apps/QuPath-v0.6.0-Windows/projects/JN_HandE_QuPath/tiles_manual/JN_TS_005/JN_TS_005_tile_13587_10688_cl.png,62742241,62742241,0,0.7994880115806376,2888385,0.046035732131404106,0.046035732131404106,4768680,0.07600429828446835,0.07600429828446835,201441,0.0032106121297133775,0.0032106121297133775,49391975,0.7872204469075308,0.7872204469075308,4474838,0.07132097815887704,0.07132097815887704,1016922,0.01620793238800635,0.01620793238800635
tumour_inv,JN_TS_004_tumour_inv_tile_7378_18446,/mnt/c/Apps/QuPath-v0.6.0-Windows/projects/JN_HandE_QuPath/tiles_manual/JN_TS_004/JN_TS_004_tile_7378_18446_cl.png,62742241,62742241,0,1.5093651401061687,4514565,0.07195415605253883,0.07195415605253883,22064423,0.35166775442400916,0.35166775442400916,1890818,0.030136284102443837,0.030136284102443837,4594658,0.07323069636610526,0.07323069636610526,19756157,0.31487808986612387,0.31487808986612387,9921620,0.15813301918877906,0.15813301918877906
tumour_inv,JN_TS_004_tumour_inv_tile_10763_10849,/mnt/c/Apps/QuPath-v0.6.0-Windows/projects/JN_HandE_QuPath/tiles_manual/JN_TS_004/JN_TS_004_tile_10763_10849_cl.png,62742241,62742241,0,1.4659467337953371,5652417,0.09008949807833609,0.09008949807833609,24076259,0.38373285072810837,0.38373285072810837,955118,0.015222886284855524,0.015222886284855524,19521323,0.3111352525645362,0.3111352525645362,7756718,0.12362832242476006,0.12362832242476006,4780406,0.07619118991940374,0.07619118991940374
tumour_inv,JN_TS_004_tumour_inv_tile_16864_7820,/mnt/c/Apps/QuPath-v0.6.0-Windows/projects/JN_HandE_QuPath/tiles_manual/JN_TS_004/JN_TS_004_tile_16864_7820_cl.png,62742241,62742241,0,1.4350673174016264,11491694,0.18315721301698484,0.18315721301698484,9981924,0.15909415795333162,0.15909415795333162,1155573,0.018417783323996986,0.018417783323996986,29696187,0.4733045317906321,0.4733045317906321,6915948,0.11022794037592633,0.11022794037592633,3500915,0.05579837353912813,0.05579837353912813
tumour_inv,JN_TS_003_tumour_inv_tile_6454_8576,/mnt/c/Apps/QuPath-v0.6.0-Windows/projects/JN_HandE_QuPath/tiles_manual/JN_TS_003/JN_TS_003_tile_6454_8576_cl.png,62742241,62742241,0,1.6479221975986613,5985251,0.09539428150167605,0.09539428150167605,16438194,0.26199564660114705,0.26199564660114705,1818856,0.028989337502305663,0.028989337502305663,11422558,0.18205530784276577,0.18205530784276577,14746335,0.23503041595214938,0.23503041595214938,12331047,0.1965350105999561,0.1965350105999561
tumour_inv,JN_TS_003_tumour_inv_tile_4733_12460,/mnt/c/Apps/QuPath-v0.6.0-Windows/projects/JN_HandE_QuPath/tiles_manual/JN_TS_003/JN_TS_003_tile_4733_12460_cl.png,62742241,62742241,0,1.597737317356339,5537319,0.08825504017301518,0.08825504017301518,18572699,0.2960158691175854,0.2960158691175854,997544,0.015899081449768426,0.015899081449768426,13270633,0.2115103443627396,0.2115103443627396,14609961,0.2328568563561509,0.2328568563561509,9754085,0.15546280854074052,0.15546280854074052
tumour_inv,JN_TS_003_tumour_inv_tile_13315_8127,/mnt/c/Apps/QuPath-v0.6.0-Windows/projects/JN_HandE_QuPath/tiles_manual/JN_TS_003/JN_TS_003_tile_13315_8127_cl.png,62742241,62742241,0,1.6606455518135168,6886024,0.10975100490911698,0.10975100490911698,14771656,0.23543398776591357,0.23543398776591357,1725583,0.027502731373589287,0.027502731373589287,13505348,0.2152512850154651,0.2152512850154651,11432692,0.18221682582233556,0.18221682582233556,14420938,0.22984416511357955,0.22984416511357955
tumour_inv,JN_TS_003_tumour_inv_tile_13991_11516,/mnt/c/Apps/QuPath-v0.6.0-Windows/projects/JN_HandE_QuPath/tiles_manual/JN_TS_003/JN_TS_003_tile_13991_11516_cl.png,62742241,62742241,0,1.6005836644892044,8655104,0.1379470012873783,0.1379470012873783,10075108,0.16057934557995784,0.16057934557995784,2779673,0.044303055735608804,0.044303055735608804,24770425,0.39479662513170355,0.39479662513170355,9713840,0.15482137464614948,0.15482137464614948,6748091,0.10755259761920204,0.10755259761920204
tumour_inv,JN_TS_003_tumour_inv_tile_17451_2594,/mnt/c/Apps/QuPath-v0.6.0-Windows/projects/JN_HandE_QuPath/tiles_manual/JN_TS_003/JN_TS_003_tile_17451_2594_cl.png,62742241,62742241,0,1.0692184374556175,6940869,0.11062513689939765,0.11062513689939765,7913179,0.1261220331610406,0.1261220331610406,593678,0.00946217397622122,0.00946217397622122,41704796,0.6647004527619599,0.6647004527619599,4892336,0.07797515552560515,0.07797515552560515,697383,0.01111504767577556,0.01111504767577556
tumour_inv,JN_TS_003_tumour_inv_tile_12269_15511,/mnt/c/Apps/QuPath-v0.6.0-Windows/projects/JN_HandE_QuPath/tiles_manual/JN_TS_003/JN_TS_003_tile_12269_15511_cl.png,62742241,62742241,0,1.3555995396497185,3965886,0.06320918629603937,0.06320918629603937,12880823,0.20529746459008374,0.20529746459008374,548576,0.00874332811924904,0.00874332811924904,32056652,0.5109261557935108,0.5109261557935108,7948946,0.12669209568080297,0.12669209568080297,5341358,0.08513176952031408,0.08513176952031408
tumour_inv,JN_TS_002_tumour_inv_tile_3873_3799,/mnt/c/Apps/QuPath-v0.6.0-Windows/projects/JN_HandE_QuPath/tiles_manual/JN_TS_002/JN_TS_002_tile_3873_3799_cl.png,62742241,62742241,0,1.347782446758128,6804122,0.10844563234520106,0.10844563234520106,7547228,0.12028942351612847,0.12028942351612847,1467534,0.02338988816162942,0.02338988816162942,32359124,0.5157470228071707,0.5157470228071707,12860613,0.20497535304803666,0.20497535304803666,1703620,0.027152680121833712,0.027152680121833712
tumour_inv,JN_TS_002_tumour_inv_tile_9248_7887,/mnt/c/Apps/QuPath-v0.6.0-Windows/projects/JN_HandE_QuPath/tiles_manual/JN_TS_002/JN_TS_002_tile_9248_7887_cl.png,62742241,62742241,0,1.2563477264906173,11428961,0.18215736030212884,0.18215736030212884,7635655,0.12169879300294677,0.12169879300294677,1365230,0.021759343916325845,0.021759343916325845,35833094,0.5711159408539456,0.5711159408539456,5161255,0.08226124725127366,0.08226124725127366,1318046,0.021007314673379296,0.021007314673379296
tumour_inv,JN_TS_002_tumour_inv_tile_14559_5229,/mnt/c/Apps/QuPath-v0.6.0-Windows/projects/JN_HandE_QuPath/tiles_manual/JN_TS_002/JN_TS_002_tile_14559_5229_cl.png,62742241,62742241,0,0.9994853865908555,11842690,0.1887514664960724,0.1887514664960724,5660078,0.09021160082567022,0.09021160082567022,773172,0.012322989865790735,0.012322989865790735,41845534,0.6669435667750535,0.6669435667750535,2432370,0.03876766212415014,0.03876766212415014,188397,0.003002713913262996,0.003002713913262996
tumour_inv,JN_TS_002_tumour_inv_tile_11175_10127,/mnt/c/Apps/QuPath-v0.6.0-Windows/projects/JN_HandE_QuPath/tiles_manual/JN_TS_002/JN_TS_002_tile_11175_10127_cl.png,62742241,62742241,0,1.3648616017579402,13535914,0.2157384528231945,0.2157384528231945,5675929,0.0904642376417508,0.0904642376417508,4030273,0.0642354008362564,0.0642354008362564,32894501,0.5242799822849808,0.5242799822849808,4592272,0.0731926677595083,0.0731926677595083,2013352,0.032089258654309144,0.032089258654309144
tumour_inv,JN_TS_001_tumour_inv_tile_6722_12156,/mnt/c/Apps/QuPath-v0.6.0-Windows/projects/JN_HandE_QuPath/tiles_manual/JN_TS_001/JN_TS_001_tile_6722_12156_cl.png,62742241,62742241,0,1.467764290226015,9006818,0.14355269841254156,0.14355269841254156,9290512,0.14807427742340284,0.14807427742340284,1375632,0.021925133340391843,0.021925133340391843,30028581,0.4786023023946499,0.4786023023946499,7064050,0.11258842348331166,0.11258842348331166,5976648,0.09525716494570222,0.09525716494570222
tumour_inv,JN_TS_001_tumour_inv_tile_10009_14592,/mnt/c/Apps/QuPath-v0.6.0-Windows/projects/JN_HandE_QuPath/tiles_manual/JN_TS_001/JN_TS_001_tile_10009_14592_cl.png,62742241,62742241,0,1.5573927311245972,6717401,0.10706345347148184,0.10706345347148184,10458436,0.16668891377341782,0.16668891377341782,1353658,0.021574906768153213,0.021574906768153213,25291005,0.40309374668335485,0.40309374668335485,9334557,0.1487762765757761,0.1487762765757761,9587184,0.15280270272781618,0.15280270272781618
tumour_inv,JN_TS_013_tumour_inv_tile_19986_8421,/mnt/c/Apps/QuPath-v0.6.0-Windows/projects/JN_HandE_QuPath/tiles_manual/JN_TS_013/JN_TS_013_tile_19986_8421_cl.png,62742241,62742241,0,1.0287227837544186,3506056,0.055880311957617196,0.055880311957617196,8655775,0.13795769583684458,0.13795769583684458,334471,0.0053308742988635045,0.0053308742988635045,42855571,0.6830417644788939,0.6830417644788939,6119914,0.0975405707934468,0.0975405707934468,1270454,0.02024878263433402,0.02024878263433402
tumour_inv,JN_TS_013_tumour_inv_tile_18392_16717,/mnt/c/Apps/QuPath-v0.6.0-Windows/projects/JN_HandE_QuPath/tiles_manual/JN_TS_013/JN_TS_013_tile_18392_16717_cl.png,62742241,62742241,0,1.1340668174860635,12740277,0.20305741071633066,0.20305741071633066,6619028,0.1054955623915314,0.1054955623915314,1202335,0.019163086635684563,0.019163086635684563,38344973,0.6111508353678345,0.6111508353678345,3272602,0.05215946940753997,0.05215946940753997,563026,0.008973635481078848,0.008973635481078848
tumour_inv,JN_TS_013_tumour_inv_tile_19191_11788,/mnt/c/Apps/QuPath-v0.6.0-Windows/projects/JN_HandE_QuPath/tiles_manual/JN_TS_013/JN_TS_013_tile_19191_11788_cl.png,62742241,62742241,0,1.143797679201021,1832799,0.029211564183689264,0.029211564183689264,12518222,0.19951824800137438,0.19951824800137438,173637,0.0027674657014562167,0.0027674657014562167,36781100,0.5862254744773939,0.5862254744773939,9636691,0.15359175646913856,0.15359175646913856,1799792,0.02868549116694764,0.02868549116694764
tumour_lep,JN_TS_012_tumour_lep_tile_6457_12399,/mnt/c/Apps/QuPath-v0.6.0-Windows/projects/JN_HandE_QuPath/tiles_manual/JN_TS_012/JN_TS_012_tile_6457_12399_cl.png,62742241,62742241,0,1.703441622811574,16368491,0.2608847044529379,0.2608847044529379,9120012,0.14535680993606842,0.14535680993606842,3074885,0.04900821123045318,0.04900821123045318,12574217,0.20041070895124705,0.20041070895124705,12262501,0.19544250897891902,0.19544250897891902,9342135,0.1488970564503745,0.1488970564503745
tumour_lep,JN_TS_001_tumour_lep_tile_11121_12254,/mnt/c/Apps/QuPath-v0.6.0-Windows/projects/JN_HandE_QuPath/tiles_manual/JN_TS_001/JN_TS_001_tile_11121_12254_cl.png,62742241,62742241,0,1.5734612496342566,5244426,0.0835868454236437,0.0835868454236437,8837955,0.14086132180073072,0.14086132180073072,1634571,0.026052161573253338,0.026052161573253338,17019118,0.27125454444638025,0.27125454444638025,8718981,0.13896508733247193,0.13896508733247193,21287190,0.3392800394235201,0.3392800394235201
tumour_lep,JN_TS_003_tumour_lep_tile_21656_15546,/mnt/c/Apps/QuPath-v0.6.0-Windows/projects/JN_HandE_QuPath/tiles_manual/JN_TS_003/JN_TS_003_tile_21656_15546_cl.png,62742241,62742241,0,1.5992803131472755,5729282,0.09131458979923908,0.09131458979923908,8531506,0.135977068463334,0.135977068463334,2023399,0.032249390008240224,0.032249390008240224,12536905,0.19981602187272846,0.19981602187272846,11331071,0.18059716738520704,0.18059716738520704,22590078,0.36004576247125125,0.36004576247125125
tumour_lep,JN_TS_007_tumour_lep_tile_3888_13879,/mnt/c/Apps/QuPath-v0.6.0-Windows/projects/JN_HandE_QuPath/tiles_manual/JN_TS_007/JN_TS_007_tile_3888_13879_cl.png,62742241,62742241,0,1.1856012904147692,1435085,0.022872708674846344,0.022872708674846344,9032382,0.14396014321515868,0.14396014321515868,1254517,0.01999477513084048,0.01999477513084048,1461451,0.02329293593450065,0.02329293593450065,13856184,0.22084298837843552,0.22084298837843552,35702622,0.5690364486662184,0.5690364486662184
tumour_scar,JN_TS_008_tumour_scar_tile_13288_7309,/mnt/c/Apps/QuPath-v0.6.0-Windows/projects/JN_HandE_QuPath/tiles_manual/JN_TS_008/JN_TS_008_tile_13288_7309_cl.png,62742241,62742241,0,1.258688300295119,1644242,0.02620630015430912,0.02620630015430912,31932529,0.5089478554009571,0.5089478554009571,1022409,0.01629538543259875,0.01629538543259875,1921185,0.030620280203252543,0.030620280203252543,15766853,0.2512956621998886,0.2512956621998886,10455023,0.16663451660899392,0.16663451660899392
